date,Cases
2024-01-01,8
2024-01-02,13
2024-01-03,16
2024-01-04,21
2024-01-05,12
2024-01-06,9
2024-01-07,12
2024-01-08,15
2024-01-09,28
2024-01-10,21
2024-01-11,18
2024-01-12,7
2024-01-13,8
2024-01-14,9
2024-01-15,34
2024-01-16,18
2024-01-17,13
2024-01-18,18
2024-01-19,19
2024-01-20,8
2024-01-21,4
2024-01-22,9
2024-01-23,5
2024-01-24,33
2024-01-25,15
2024-01-26,11
2024-01-27,6
2024-01-28,7
2024-01-29,15
2024-01-30,20
2024-01-31,16
2024-02-01,13
2024-02-02,18
2024-02-03,8
2024-02-04,6
2024-02-05,19
2024-02-06,15
2024-02-07,21
2024-02-08,12
2024-02-09,8
2024-02-10,9
2024-02-11,6
2024-02-12,22
2024-02-13,20
2024-02-14,11
2024-02-15,13
2024-02-16,23
2024-02-17,7
2024-02-18,6
2024-02-19,24
2024-02-20,21
2024-02-21,8
2024-02-22,10
2024-02-23,9
2024-02-24,8
2024-02-25,5
2024-02-26,9
2024-02-27,19
2024-02-28,13
2024-02-29,8
2024-03-01,6
2024-03-02,7
2024-03-03,7
2024-03-04,12
2024-03-05,18
2024-03-06,17
2024-03-07,8
2024-03-08,8
2024-03-09,6
2024-03-10,10
2024-03-11,15
2024-03-12,16
2024-03-13,11
2024-03-14,7
2024-03-15,9
2024-03-16,6
2024-03-17,9
2024-03-18,9
2024-03-19,16
2024-03-20,11
2024-03-21,3
2024-03-22,8
2024-03-23,8
2024-03-24,5
2024-03-25,11
2024-03-26,11
2024-03-27,9
2024-03-28,8
2024-03-29,2
2024-03-30,7
2024-03-31,1
2024-04-01,4
2024-04-02,13
2024-04-03,2
2024-04-04,3
2024-04-05,4
2024-04-06,7
2024-04-07,9
2024-04-08,10
2024-04-09,2
2024-04-10,9
2024-04-11,5
2024-04-12,5
2024-04-13,4
2024-04-14,5
2024-04-15,11
2024-04-16,4
2024-04-17,11
2024-04-18,10
2024-04-19,4
2024-04-20,8
2024-04-21,0
2024-04-22,6
2024-04-23,8
2024-04-24,12
2024-04-25,7
2024-04-26,7
2024-04-27,1
2024-04-28,7
2024-04-29,9
2024-04-30,3
2024-05-01,4
2024-05-02,9
2024-05-03,10
2024-05-04,2
2024-05-05,1
2024-05-06,6
2024-05-07,9
2024-05-08,6
2024-05-09,4
2024-05-10,4
2024-05-11,1
2024-05-12,3
2024-05-13,5
2024-05-14,5
2024-05-15,5
2024-05-16,4
2024-05-17,7
2024-05-18,4
2024-05-19,1
2024-05-20,3
2024-05-21,5
2024-05-22,4
2024-05-23,10
2024-05-24,5
2024-05-25,4
2024-05-26,3
2024-05-27,1
2024-05-28,10
2024-05-29,4
2024-05-30,7
2024-05-31,1
2024-06-01,4
2024-06-02,9
2024-06-03,10
2024-06-04,9
2024-06-05,10
2024-06-06,3
2024-06-07,10
2024-06-08,8
2024-06-09,3
2024-06-10,6
2024-06-11,7
2024-06-12,5
2024-06-13,8
2024-06-14,6
2024-06-15,6
2024-06-16,7
2024-06-17,4
2024-06-18,15
2024-06-19,11
2024-06-20,15
2024-06-21,9
2024-06-22,4
2024-06-23,7
2024-06-24,12
2024-06-25,12
2024-06-26,10
2024-06-27,11
2024-06-28,12
2024-06-29,9
2024-06-30,11
2024-07-01,22
2024-07-02,13
2024-07-03,18
2024-07-04,13
2024-07-05,18
2024-07-06,14
2024-07-07,10
2024-07-08,16
2024-07-09,13
2024-07-10,7
2024-07-11,19
2024-07-12,19
2024-07-13,11
2024-07-14,14
2024-07-15,23
2024-07-16,30
2024-07-17,26
2024-07-18,25
2024-07-19,26
2024-07-20,21
2024-07-21,16
2024-07-22,20
2024-07-23,20
2024-07-24,13
2024-07-25,23
2024-07-26,33
2024-07-27,24
2024-07-28,18
2024-07-29,26
2024-07-30,18
2024-07-31,24
2024-08-01,29
2024-08-02,18
2024-08-03,26
2024-08-04,33
2024-08-05,35
2024-08-06,55
2024-08-07,45
2024-08-08,40
2024-08-09,34
2024-08-10,21
2024-08-11,29
2024-08-12,40
2024-08-13,34
2024-08-14,33
2024-08-15,35
2024-08-16,42
2024-08-17,26
2024-08-18,27
2024-08-19,35
2024-08-20,46
2024-08-21,49
2024-08-22,38
2024-08-23,23
2024-08-24,35
2024-08-25,28
2024-08-26,43
2024-08-27,47
2024-08-28,31
2024-08-29,31
2024-08-30,25
2024-08-31,40
2024-09-01,32
2024-09-02,42
2024-09-03,37
2024-09-04,33
2024-09-05,19
2024-09-06,33
2024-09-07,33
2024-09-08,24
2024-09-09,22
2024-09-10,48
2024-09-11,43
2024-09-12,43
2024-09-13,42
2024-09-14,35
2024-09-15,44
2024-09-16,63
2024-09-17,47
2024-09-18,53
2024-09-19,55
2024-09-20,58
2024-09-21,23
2024-09-22,47
2024-09-23,49
2024-09-24,52
2024-09-25,48
2024-09-26,49
2024-09-27,44
2024-09-28,44
2024-09-29,31
2024-09-30,43
2024-10-01,67
2024-10-02,49
2024-10-03,49
2024-10-04,41
2024-10-05,37
2024-10-06,34
2024-10-07,43
2024-10-08,67
2024-10-09,54
2024-10-10,59
2024-10-11,43
2024-10-12,38
2024-10-13,39
2024-10-14,63
2024-10-15,40
2024-10-16,53
2024-10-17,47
2024-10-18,58
2024-10-19,37
2024-10-20,39
2024-10-21,55
2024-10-22,55
2024-10-23,40
2024-10-24,32
2024-10-25,34
2024-10-26,37
2024-10-27,38
2024-10-28,54
2024-10-29,56
2024-10-30,51
2024-10-31,30
2024-11-01,40
2024-11-02,51
2024-11-03,49
2024-11-04,74
2024-11-05,73
2024-11-06,69
2024-11-07,82
2024-11-08,58
2024-11-09,35
2024-11-10,49
2024-11-11,68
2024-11-12,67
2024-11-13,83
2024-11-14,71
2024-11-15,52
2024-11-16,68
2024-11-17,45
2024-11-18,64
2024-11-19,73
2024-11-20,61
2024-11-21,90
2024-11-22,64
2024-11-23,61
2024-11-24,56
2024-11-25,88
2024-11-26,63
2024-11-27,87
2024-11-28,86
2024-11-29,65
2024-11-30,60
2024-12-01,59
2024-12-02,85
2024-12-03,57
2024-12-04,72
2024-12-05,46
2024-12-06,58
2024-12-07,38
2024-12-08,50
2024-12-09,65
2024-12-10,52
2024-12-11,63
2024-12-12,48
2024-12-13,46
2024-12-14,32
2024-12-15,30
2024-12-16,49
2024-12-17,49
2024-12-18,44
2024-12-19,32
2024-12-20,34
2024-12-21,27
2024-12-22,28
2024-12-23,47
2024-12-24,29
2024-12-25,27
2024-12-26,38
2024-12-27,28
2024-12-28,29
2024-12-29,15
2024-12-30,25
2024-12-31,15